id,mode,mode_description,scr30_percent,sample,scr36,scrambled_sec2,session,duration_main,failed_attention,scr30,scr36_percent,rate_answers,rate_correct,rate_wrong,mean_confidence,mean_confidence_right,mean_confidence_wrong,n_confident_wrong,n_confident_right,n_unconfident_wrong,n_unconfident_right,mean_ibr,precision,recall,npv,specificity,f1,age,isMale,isGrad,isUS,us_months,isEnglish,isDataOriented,char_display,icons,mode_paper
287,5,5 - Minimum Disclosure,76.66666666666667,10,29,TRUE,2,20.067983333333334,0,23,80.55555555555556,1.4949185227879564,1.1461042008041,0.34881432198385653,2.4444444444444446,2.586206896551724,1.8571428571428572,0,20,1,3,0.25925925925925924,0.7499999999999999,0.8823529411764706,0.875,0.7368421052631579,0.8108108108108106,20,0,0,1,243,0,0,0,1233,Masked
6,1,1 - Full Disclosure with no intervention,86.66666666666667,4,31,TRUE,3,7.170733333333334,1,26,86.11111111111111,4.1836725207091785,3.625849517947955,0.5578230027612239,2.888888888888889,2.870967741935484,3,5,28,0,1,0.2762345679012346,0.8333333333333333,0.8823529411764706,0.8888888888888888,0.8421052631578947,0.8571428571428571,27,0,1,0,2,0,1,2221,0,Baseline
9,2,2 - Full Disclosure with intervention,76.66666666666667,9,29,FALSE,5,7.10435,0,23,80.55555555555556,4.222764925714527,3.2374531097144708,0.9853118160000562,1.7777777777777777,1.896551724137931,1.2857142857142858,0,7,5,10,0.2299382716049383,0.7272727272727273,0.9411764705882353,0.9285714285714285,0.6842105263157895,0.8205128205128205,18,0,0,0,43,0,0,2266,0,Full
502,4,4 - Partial Disclosure,80,6,30,FALSE,6,11.41605,0,24,83.33333333333333,2.627879170115758,2.1023033360926062,0.5255758340231516,2.4444444444444446,2.5,2.1666666666666665,1,17,0,2,0.23765432098765432,0.7619047619047619,0.9411764705882353,0.9333333333333333,0.7368421052631579,0.8421052631578947,24,0,1,0,11,0,0,165,1127,Low
262,5,5 - Minimum Disclosure,73.33333333333333,1,28,TRUE,2,11.45975,0,22,77.77777777777777,2.6178581557189293,1.919762647527215,0.6980955081917145,2.6666666666666665,2.7857142857142856,2.25,2,23,0,1,0.2515432098765432,0.7142857142857143,0.8823529411764706,0.8666666666666666,0.6842105263157895,0.7894736842105262,19,1,0,1,228,1,0,0,1228,Masked
190,3,3 - Selective Disclosure,70,2,27,TRUE,1,5.6655,0,21,75,5.295207836907599,3.706645485835319,1.5885623510722797,2.4166666666666665,2.4814814814814814,2.2222222222222223,2,13,0,0,0.2569444444444444,0.7222222222222221,0.7647058823529411,0.7777777777777778,0.7368421052631579,0.7428571428571427,25,0,1,0,36,0,0,688,603,Moderate
47,2,2 - Full Disclosure with intervention,73.33333333333333,3,27,FALSE,5,5.82365,1,22,75,5.151408480935496,3.7776995526860304,1.3737089282494657,2.6944444444444446,2.7037037037037037,2.6666666666666665,6,19,0,0,0.283179012345679,0.6666666666666666,0.9411764705882353,0.9166666666666666,0.5789473684210527,0.7804878048780487,28,1,1,0,18,0,0,2273,0,Full
242,5,5 - Minimum Disclosure,80,2,30,TRUE,2,7.106883333333333,0,24,83.33333333333333,4.2212596707886485,3.377007736630919,0.8442519341577297,2,2.066666666666667,1.6666666666666667,1,10,3,8,0.24845679012345678,0.7619047619047619,0.9411764705882353,0.9333333333333333,0.7368421052631579,0.8421052631578947,19,0,0,1,239,1,0,0,1239,Masked
280,2,2 - Full Disclosure with intervention,90,9,33,FALSE,6,14.455283333333334,0,27,91.66666666666667,2.075365754389687,1.867829178950718,0.20753657543896867,2.5833333333333335,2.606060606060606,2.3333333333333335,2,23,1,3,0.26774691358024694,0.85,1,1,0.8421052631578947,0.9189189189189189,23,1,1,0,12,0,1,2266,0,Full
29,5,5 - Minimum Disclosure,76.66666666666667,1,29,TRUE,2,15.13635,0,23,80.55555555555556,1.9819837675529437,1.5195208884572569,0.46246287909568684,2.9722222222222223,2.9655172413793105,3,7,28,0,0,0.2908950617283951,0.7499999999999999,0.8823529411764706,0.875,0.7368421052631579,0.8108108108108106,26,1,1,0,12,0,1,0,1228,Masked
208,3,3 - Selective Disclosure,86.66666666666667,9,32,FALSE,5,10.94075,0,26,88.88888888888889,2.7420423645545324,2.3764367159472615,0.365605648607271,2.4166666666666665,2.4375,2.25,1,19,0,5,0.2183641975308642,0.8823529411764706,0.8823529411764706,0.8947368421052632,0.8947368421052632,0.8823529411764706,21,1,0,0,252,1,0,681,593,Moderate
137,4,4 - Partial Disclosure,80,9,30,FALSE,4,9.3956,0,24,83.33333333333333,3.192983949934012,2.5543871599472094,0.6385967899868024,2.111111111111111,2.2333333333333334,1.5,0,14,3,7,0.28703703703703703,0.8235294117647058,0.8235294117647058,0.8421052631578947,0.8421052631578947,0.8235294117647058,24,1,1,0,7,0,0,164,1111,Low
80,2,2 - Full Disclosure with intervention,93.33333333333333,10,34,FALSE,5,7.94615,0,28,94.44444444444444,3.7754132504420377,3.523719033745902,0.25169421669613584,2.3055555555555554,2.323529411764706,2,0,15,0,4,0.2692901234567901,0.9411764705882353,0.9411764705882353,0.9473684210526315,0.9473684210526315,0.9411764705882353,20,0,0,0,248,0,0,2221,0,Full
1060,2,2 - Full Disclosure with intervention,86.66666666666667,9,32,FALSE,6,24.16725,0,26,88.88888888888889,1.2413493467399064,1.075836100507919,0.16551324623198752,2.6666666666666665,2.78125,1.75,1,26,2,1,0.2638888888888889,0.8421052631578947,0.9411764705882353,0.9411764705882353,0.8421052631578947,0.8888888888888888,27,0,1,0,23,0,1,2266,0,Full
1141,4,4 - Partial Disclosure,66.66666666666667,7,26,FALSE,6,5.17405,0,20,72.22222222222223,5.79816584687044,3.8654438979136265,1.9327219489568133,3,3,3,10,26,0,0,0.28703703703703703,0.6521739130434783,0.8823529411764706,0.8461538461538461,0.5789473684210527,0.75,25,1,1,0,24,1,1,166,1107,Low
27,2,2 - Full Disclosure with intervention,80,6,30,FALSE,5,6.445566666666667,0,24,83.33333333333333,4.654361912839316,3.7234895302714524,0.9308723825678631,2.1666666666666665,2.2,2,1,10,1,4,0.2623456790123457,0.7894736842105264,0.8823529411764706,0.8823529411764706,0.7894736842105263,0.8333333333333333,21,1,0,1,252,1,0,2235,0,Full
226,5,5 - Minimum Disclosure,73.33333333333333,10,28,FALSE,5,11.608666666666666,0,22,77.77777777777777,2.5842761155458565,1.8951358180669615,0.6891402974788952,1.7222222222222223,1.8928571428571428,1.125,0,8,7,11,0.22376543209876545,0.7368421052631577,0.8235294117647058,0.8235294117647058,0.7368421052631579,0.7777777777777778,22,1,0,1,144,0,0,0,1233,Masked
21,2,2 - Full Disclosure with intervention,80,3,30,FALSE,5,8.811133333333334,0,24,83.33333333333333,3.404783342286652,2.7238266738293215,0.6809566684573304,2.111111111111111,2.3333333333333335,1,0,13,6,3,0.2947530864197531,0.923076923076923,0.7058823529411765,0.782608695652174,0.9473684210526315,0.8,24,0,1,0,1,0,1,2273,0,Full
258,1,1 - Full Disclosure with no intervention,86.66666666666667,1,32,TRUE,3,14.558283333333334,0,26,88.88888888888889,2.06068252094741,1.7859248514877555,0.2747576694596547,2.388888888888889,2.4375,2,1,20,1,6,0.2993827160493827,0.9333333333333333,0.8235294117647058,0.8571428571428571,0.9473684210526315,0.8749999999999999,28,1,1,0,2,0,0,2314,0,Baseline
98,4,4 - Partial Disclosure,76.66666666666667,2,29,FALSE,4,14.25515,0,23,80.55555555555556,2.104502583276921,1.613451980512306,0.4910506027646149,2.8333333333333335,2.896551724137931,2.5714285714285716,5,27,1,1,0.2854938271604938,0.7272727272727273,0.9411764705882353,0.9285714285714285,0.6842105263157895,0.8205128205128205,25,1,1,0,12,1,1,167,1125,Low
239,2,2 - Full Disclosure with intervention,86.66666666666667,6,32,FALSE,5,7.504733333333333,0,26,88.88888888888889,3.997477147755639,3.4644801947215536,0.5329969530340851,2.2777777777777777,2.34375,1.75,1,16,2,5,0.25,0.8421052631578947,0.9411764705882353,0.9411764705882353,0.8421052631578947,0.8888888888888888,20,0,0,0,116,0,0,2235,0,Full
5,3,3 - Selective Disclosure,70,10,27,TRUE,1,4.731533333333333,0,21,75,6.340439321995689,4.438307525396982,1.9021317965987066,2.5555555555555554,2.5925925925925926,2.4444444444444446,6,19,2,3,0.24537037037037038,0.6666666666666666,0.9411764705882353,0.9166666666666666,0.5789473684210527,0.7804878048780487,20,0,0,1,180,1,0,676,613,Moderate
288,2,2 - Full Disclosure with intervention,86.66666666666667,8,32,FALSE,5,6.782933333333333,0,26,88.88888888888889,4.422865230382135,3.8331498663311843,0.5897153640509514,2.4722222222222223,2.59375,1.5,1,23,3,4,0.2785493827160494,0.8421052631578947,0.9411764705882353,0.9411764705882353,0.8421052631578947,0.8888888888888888,21,0,0,1,262,1,0,2227,0,Full
203,5,5 - Minimum Disclosure,83.33333333333333,9,30,FALSE,5,9.34665,1,25,83.33333333333333,3.2097061514018392,2.674755126168199,0.5349510252336398,2.4444444444444446,2.566666666666667,1.8333333333333333,0,22,1,5,0.2160493827160494,0.7391304347826088,1,1,0.6842105263157895,0.85,27,0,0,1,336,1,0,0,1212,Masked
30,1,1 - Full Disclosure with no intervention,90,2,33,TRUE,3,12.622566666666666,0,27,91.66666666666667,2.376695706367168,2.139026135730451,0.2376695706367168,2.5833333333333335,2.6363636363636362,2,0,21,0,0,0.2800925925925926,0.8888888888888888,0.9411764705882353,0.9444444444444444,0.8947368421052632,0.9142857142857143,26,1,1,0,9,0,0,2253,0,Baseline
154,4,4 - Partial Disclosure,80,5,30,FALSE,6,13.073316666666667,0,24,83.33333333333333,2.294750503251534,1.8358004026012271,0.4589501006503068,2.1666666666666665,2.2,2,2,12,2,6,0.2299382716049383,0.7619047619047619,0.9411764705882353,0.9333333333333333,0.7368421052631579,0.8421052631578947,29,0,1,1,348,1,0,172,1130,Low
268,1,1 - Full Disclosure with no intervention,80,9,30,TRUE,3,3.0748166666666665,0,24,83.33333333333333,9.756679260010083,7.805343408008066,1.9513358520020165,2.6666666666666665,2.7,2.5,4,22,1,1,0.2623456790123457,0.7894736842105264,0.8823529411764706,0.8823529411764706,0.7894736842105263,0.8333333333333333,21,0,0,1,252,1,0,2266,0,Baseline
83,2,2 - Full Disclosure with intervention,66.66666666666667,8,26,FALSE,5,6.46835,0,20,72.22222222222223,4.637967951641454,3.091978634427636,1.545989317213818,1.9722222222222223,2.1923076923076925,1.4,1,10,7,5,0.20756172839506173,0.64,0.9411764705882353,0.9090909090909091,0.5263157894736842,0.7619047619047621,20,NA,0,0,60,1,0,2227,0,Full
19,1,1 - Full Disclosure with no intervention,70,7,27,TRUE,3,9.425683333333334,0,21,75,3.1827931131429903,2.227955179200093,0.9548379339428972,2.8055555555555554,2.814814814814815,2.7777777777777777,7,24,0,2,0.2523148148148148,0.6666666666666666,0.9411764705882353,0.9166666666666666,0.5789473684210527,0.7804878048780487,24,0,1,0,1,0,1,2202,0,Baseline
162,3,3 - Selective Disclosure,90,5,32,TRUE,1,40.76246666666667,1,27,88.88888888888889,0.7359711630143416,0.6623740467129074,0.07359711630143416,2.75,2.78125,2.5,2,26,0,1,0.25848765432098764,0.8095238095238096,1,1,0.7894736842105263,0.8947368421052632,22,1,1,1,228,1,1,691,609,Moderate
1030,4,4 - Partial Disclosure,83.33333333333333,4,31,FALSE,6,5.366133333333333,0,25,86.11111111111111,5.590617701138002,4.658848084281668,0.9317696168563336,1.9166666666666667,2,1.4,0,12,3,12,0.1550925925925926,0.7727272727272726,1,1,0.7368421052631579,0.8717948717948718,21,0,0,1,204,0,0,180,1096,Low
235,3,3 - Selective Disclosure,100,7,36,TRUE,1,15.824483333333333,0,30,100,1.8957964925658448,1.8957964925658448,0,2.7777777777777777,2.7777777777777777,NaN,0,30,0,2,0.2839506172839506,1,1,1,1,1,21,0,0,1,261,1,0,679,589,Moderate
44,2,2 - Full Disclosure with intervention,83.33333333333333,1,31,FALSE,6,18.891566666666666,0,25,86.11111111111111,1.588010170322913,1.3233418086024276,0.2646683617204855,2.861111111111111,2.903225806451613,2.6,4,29,1,1,0.2631172839506173,0.7727272727272726,1,1,0.7368421052631579,0.8717948717948718,28,1,1,0,1,0,1,2314,0,Full
100,4,4 - Partial Disclosure,83.33333333333333,10,31,FALSE,4,16.5664,0,25,86.11111111111111,1.8108943403515547,1.509078616959629,0.3018157233919258,2.5833333333333335,2.7096774193548385,1.8,0,22,1,0,0.22608024691358025,0.7999999999999999,0.9411764705882353,0.9375,0.7894736842105263,0.8648648648648647,20,0,0,0,108,0,0,188,1102,Low
34,2,2 - Full Disclosure with intervention,83.33333333333333,5,31,FALSE,5,5.80145,0,25,86.11111111111111,5.171121012850236,4.30926751070853,0.861853502141706,1.8888888888888888,1.967741935483871,1.4,0,10,3,11,0.2777777777777778,0.7999999999999999,0.9411764705882353,0.9375,0.7894736842105263,0.8648648648648647,22,1,0,0,272,0,0,2261,0,Full
112,2,2 - Full Disclosure with intervention,80,2,30,FALSE,5,4.201216666666666,0,24,83.33333333333333,7.140788581085638,5.712630864868511,1.4281577162171277,2.1944444444444446,2.2333333333333334,2,0,8,0,1,0.26157407407407407,0.7619047619047619,0.9411764705882353,0.9333333333333333,0.7368421052631579,0.8421052631578947,21,1,0,1,260,1,0,2253,0,Full
1050,4,4 - Partial Disclosure,83.33333333333333,8,31,FALSE,6,30.595633333333332,0,25,86.11111111111111,0.9805320802859668,0.8171100669049723,0.16342201338099446,2.4166666666666665,2.4516129032258065,2.2,3,18,2,4,0.19212962962962962,0.7727272727272726,1,1,0.7368421052631579,0.8717948717948718,31,0,0,0,3,0,0,173,1139,Low
1010,5,5 - Minimum Disclosure,76.66666666666667,1,29,TRUE,2,5.925833333333333,0,23,80.55555555555556,5.062579102798481,3.8813106454788358,1.1812684573196457,2.1666666666666665,2.2413793103448274,1.8571428571428572,1,11,2,4,0.21759259259259262,0.8124999999999999,0.7647058823529411,0.7999999999999999,0.8421052631578947,0.7878787878787877,43,0,1,0,79,0,0,0,1228,Masked
152,5,5 - Minimum Disclosure,80,5,30,TRUE,2,15.672783333333333,0,24,83.33333333333333,1.914146285439621,1.5313170283516968,0.3828292570879242,1.8055555555555556,1.8,1.8333333333333333,0,4,1,10,0.2569444444444445,0.8235294117647058,0.8235294117647058,0.8421052631578947,0.8421052631578947,0.8235294117647058,31,1,1,0,47,0,0,0,1243,Masked
85,4,4 - Partial Disclosure,76.66666666666667,1,29,FALSE,4,9.019766666666667,0,23,80.55555555555556,3.3260283895000975,2.5499550986167416,0.7760732908833561,2.111111111111111,2.2413793103448274,1.5714285714285714,0,13,3,6,0.21141975308641975,0.7083333333333333,1,1,0.631578947368421,0.8292682926829268,25,1,1,0,7,0,0,173,1116,Low
88,2,2 - Full Disclosure with intervention,90,4,33,FALSE,5,5.98995,0,27,91.66666666666667,5.008389051661533,4.5075501464953796,0.5008389051661533,1.8888888888888888,1.9696969696969697,1,0,6,3,7,0.22530864197530864,0.8888888888888888,0.9411764705882353,0.9444444444444444,0.8947368421052632,0.9142857142857143,20,1,0,1,249,1,0,2221,0,Full
195,2,2 - Full Disclosure with intervention,86.66666666666667,2,31,FALSE,5,18.5537,1,26,86.11111111111111,1.6169281598818566,1.4013377385642756,0.21559042131758088,2.0833333333333335,2.193548387096774,1.4,0,12,3,6,0.2523148148148148,0.7727272727272726,1,1,0.7368421052631579,0.8717948717948718,27,1,1,0,32,0,0,2253,0,Full
13,3,3 - Selective Disclosure,80,4,30,FALSE,5,4.971416666666666,0,24,83.33333333333333,6.034497209045041,4.827597767236033,1.2068994418090082,1.7777777777777777,1.8666666666666667,1.3333333333333333,0,7,4,11,0.18364197530864199,0.8235294117647058,0.8235294117647058,0.8421052631578947,0.8421052631578947,0.8235294117647058,19,1,0,1,228,1,0,668,607,Moderate
198,5,5 - Minimum Disclosure,80,4,30,TRUE,2,12.14105,0,24,83.33333333333333,2.4709559716828444,1.9767647773462758,0.49419119433656894,2.5555555555555554,2.6333333333333333,2.1666666666666665,1,21,0,2,0.24074074074074076,0.7894736842105264,0.8823529411764706,0.8823529411764706,0.7894736842105263,0.8333333333333333,28,1,1,0,23,1,0,0,1221,Masked
32,3,3 - Selective Disclosure,90,3,32,TRUE,1,12.0366,1,27,88.88888888888889,2.492398185534121,2.2431583669807087,0.2492398185534121,1.8611111111111112,1.9375,1.25,0,8,3,10,0.22453703703703703,0.8095238095238096,1,1,0.7894736842105263,0.8947368421052632,27,0,1,1,324,1,0,689,621,Moderate
132,4,4 - Partial Disclosure,83.33333333333333,5,31,FALSE,4,8.312,0,25,86.11111111111111,3.6092396535129936,3.007699711260828,0.6015399422521656,2.4722222222222223,2.5483870967741935,2,1,19,1,2,0.22608024691358025,0.7727272727272726,1,1,0.7368421052631579,0.8717948717948718,26,0,1,0,12,0,0,172,1130,Low
255,1,1 - Full Disclosure with no intervention,93.33333333333333,5,34,TRUE,3,7.427466666666667,0,28,94.44444444444444,4.039062219509568,3.7697914048755967,0.26927081463397123,2.361111111111111,2.4411764705882355,1,0,20,2,5,0.2662037037037037,0.9411764705882353,0.9411764705882353,0.9473684210526315,0.9473684210526315,0.9411764705882353,21,0,0,1,261,1,0,2261,0,Baseline
180,2,2 - Full Disclosure with intervention,80,7,29,FALSE,5,9.404283333333334,1,24,80.55555555555556,3.1900357461227773,2.552028596898222,0.6380071492245555,2.388888888888889,2.4482758620689653,2.142857142857143,1,13,0,0,0.2515432098765432,0.7083333333333333,1,1,0.631578947368421,0.8292682926829268,25,1,1,0,24,0,0,2202,0,Full
291,5,5 - Minimum Disclosure,83.33333333333333,4,30,FALSE,4,9.117283333333333,1,25,83.33333333333333,3.2904538449867196,2.7420448708222662,0.5484089741644532,2.1944444444444446,2.3333333333333335,1.5,1,18,4,8,0.24151234567901236,0.7894736842105264,0.8823529411764706,0.8823529411764706,0.7894736842105263,0.8333333333333333,21,1,0,1,255,1,0,0,1221,Masked
187,2,2 - Full Disclosure with intervention,96.66666666666667,8,35,FALSE,5,9.661433333333333,0,29,97.22222222222223,3.105129328636538,3.0016250176819863,0.10350431095455126,2.6944444444444446,2.742857142857143,1,0,26,1,0,0.2569444444444444,0.9444444444444444,1,1,0.9473684210526315,0.9714285714285714,21,0,1,1,256,1,1,2227,0,Full
272,1,1 - Full Disclosure with no intervention,83.33333333333333,4,31,TRUE,3,9.821933333333334,0,25,86.11111111111111,3.0543884774891565,2.545323731240964,0.5090647462481928,2.3055555555555554,2.2903225806451615,2.4,2,13,0,4,0.2322530864197531,0.7999999999999999,0.9411764705882353,0.9375,0.7894736842105263,0.8648648648648647,34,0,1,0,19,0,0,2221,0,Baseline
168,2,2 - Full Disclosure with intervention,76.66666666666667,5,29,FALSE,5,20.740716666666668,0,23,80.55555555555556,1.4464302503208262,1.1089298585793002,0.33750039174152613,1.8333333333333333,1.9655172413793103,1.2857142857142858,0,7,5,8,0.2469135802469136,0.7272727272727273,0.9411764705882353,0.9285714285714285,0.6842105263157895,0.8205128205128205,23,1,1,0,11,0,0,2261,0,Full
78,4,4 - Partial Disclosure,80,1,30,FALSE,5,10.9162,0,24,83.33333333333333,2.7482090837470916,2.198567266997673,0.5496418167494183,2.4722222222222223,2.5,2.3333333333333335,4,21,2,6,0.19675925925925927,0.7391304347826088,1,1,0.6842105263157895,0.85,26,0,1,0,7,0,1,173,1116,Low
55,1,1 - Full Disclosure with no intervention,90,5,33,TRUE,3,10.007383333333333,0,27,91.66666666666667,2.9977866342017476,2.698007970781573,0.2997786634201748,2.8333333333333335,2.878787878787879,2.3333333333333335,1,29,0,0,0.2916666666666667,0.9375,0.8823529411764706,0.8999999999999999,0.9473684210526315,0.9090909090909091,25,0,1,0,1,0,1,2261,0,Baseline
133,1,1 - Full Disclosure with no intervention,80,9,30,TRUE,3,7.620433333333334,0,24,83.33333333333333,3.936783997410471,3.1494271979283766,0.7873567994820941,2.8333333333333335,2.8666666666666667,2.6666666666666665,4,26,0,0,0.27314814814814814,0.7619047619047619,0.9411764705882353,0.9333333333333333,0.7368421052631579,0.8421052631578947,19,1,0,0,22,0,0,2266,0,Baseline
122,4,4 - Partial Disclosure,73.33333333333333,6,28,FALSE,6,8.946716666666667,0,22,77.77777777777777,3.3531854330173263,2.459002650879373,0.8941827821379538,2.2777777777777777,2.4285714285714284,1.75,1,17,3,5,0.24228395061728397,0.7647058823529411,0.7647058823529411,0.7894736842105263,0.7894736842105263,0.7647058823529412,26,0,1,0,33,0,0,165,1127,Low
197,3,3 - Selective Disclosure,80,2,30,TRUE,1,23.085216666666668,0,24,83.33333333333333,1.299532962292607,1.0396263698340857,0.25990659245852143,2.4166666666666665,2.5,2,0,15,0,0,0.2662037037037037,0.7391304347826088,1,1,0.6842105263157895,0.85,28,1,1,0,12,0,1,688,603,Moderate
43,5,5 - Minimum Disclosure,80,10,29,TRUE,2,9.749583333333334,1,24,80.55555555555556,3.0770545749818368,2.4616436599854694,0.6154109149963674,1.3333333333333333,1.3793103448275863,1.1428571428571428,0,2,6,20,0.2438271604938272,0.7272727272727273,0.9411764705882353,0.9285714285714285,0.6842105263157895,0.8205128205128205,24,1,0,0,63,0,0,0,1233,Masked
161,1,1 - Full Disclosure with no intervention,63.333333333333336,2,25,TRUE,3,13.10525,0,19,69.44444444444444,2.2891589248583584,1.4498006524102935,0.8393582724480647,1.8888888888888888,2,1.6363636363636365,1,9,5,9,0.3055555555555556,0.6363636363636364,0.8235294117647058,0.7857142857142857,0.5789473684210527,0.717948717948718,20,1,0,1,246,1,0,2253,0,Baseline
37,3,3 - Selective Disclosure,93.33333333333333,7,34,FALSE,4,16.76475,0,28,94.44444444444444,1.7894689750816446,1.670171043409535,0.11929793167210964,2.9722222222222223,2.9705882352941178,3,2,33,0,0,0.2816358024691358,0.8947368421052632,1,1,0.8947368421052632,0.9444444444444444,24,1,0,0,288,0,0,679,589,Moderate
166,1,1 - Full Disclosure with no intervention,100,6,36,TRUE,3,8.078166666666666,0,30,100,3.713713920237678,3.713713920237678,0,2.9444444444444446,2.9444444444444446,NaN,0,34,0,0,0.2854938271604938,1,1,1,1,1,23,0,1,1,281,1,0,2235,0,Baseline
68,3,3 - Selective Disclosure,90,8,33,TRUE,1,10.42765,0,27,91.66666666666667,2.8769665264944644,2.589269873845018,0.28769665264944644,2.4166666666666665,2.5454545454545454,1,0,20,3,2,0.25540123456790126,0.8888888888888888,0.9411764705882353,0.9444444444444444,0.8947368421052632,0.9142857142857143,24,0,1,0,11,0,0,700,605,Moderate
238,5,5 - Minimum Disclosure,60,4,24,TRUE,2,11.333816666666667,0,18,66.66666666666667,2.6469459390702452,1.5881675634421473,1.0587783756280982,2.4722222222222223,2.625,2.1666666666666665,5,17,3,2,0.24768518518518517,0.6,0.8823529411764706,0.8181818181818181,0.47368421052631576,0.7142857142857143,26,1,1,0,12,0,0,0,1221,Masked
277,1,1 - Full Disclosure with no intervention,66.66666666666667,6,26,TRUE,3,8.61655,0,20,72.22222222222223,3.4816718988458257,2.3211145992305506,1.1605572996152753,1.8055555555555556,1.8461538461538463,1.7,0,2,3,6,0.25385802469135804,0.6666666666666666,0.8235294117647058,0.7999999999999999,0.631578947368421,0.7368421052631577,26,1,1,0,13,0,1,2235,0,Baseline
225,3,3 - Selective Disclosure,86.66666666666667,7,32,TRUE,1,20.268383333333333,0,26,88.88888888888889,1.4801377843817507,1.2827860797975172,0.19735170458423343,2.2222222222222223,2.28125,1.75,0,10,1,1,0.22222222222222224,0.8823529411764706,0.8823529411764706,0.8947368421052632,0.8947368421052632,0.8823529411764706,25,1,0,0,48,0,0,679,589,Moderate
77,1,1 - Full Disclosure with no intervention,86.66666666666667,2,32,TRUE,3,7.422066666666667,0,26,88.88888888888889,4.042000880257969,3.5030674295569066,0.5389334507010626,2.6666666666666665,2.65625,2.75,3,21,0,0,0.25,0.8823529411764706,0.8823529411764706,0.8947368421052632,0.8947368421052632,0.8823529411764706,22,1,1,1,275,1,0,2253,0,Baseline
267,1,1 - Full Disclosure with no intervention,76.66666666666667,8,29,TRUE,3,6.9342,0,23,80.55555555555556,4.326382279138185,3.3168930806726085,1.0094891984655765,2.9166666666666665,2.9655172413793105,2.7142857142857144,5,28,0,0,0.28935185185185186,0.7499999999999999,0.8823529411764706,0.875,0.7368421052631579,0.8108108108108106,20,0,0,1,240,0,0,2227,0,Baseline
1142,4,4 - Partial Disclosure,83.33333333333333,9,31,FALSE,6,11.134283333333334,0,25,86.11111111111111,2.6943808686983295,2.245317390581941,0.44906347811638825,2.6666666666666665,2.6774193548387095,2.6,3,21,0,0,0.25,0.7999999999999999,0.9411764705882353,0.9375,0.7894736842105263,0.8648648648648647,23,0,1,0,24,0,0,164,1111,Low
167,3,3 - Selective Disclosure,80,8,30,FALSE,5,16.34835,0,24,83.33333333333333,1.8350475736083458,1.4680380588866766,0.36700951472166915,2.2777777777777777,2.3333333333333335,2,0,11,0,1,0.25,0.8235294117647058,0.8235294117647058,0.8421052631578947,0.8421052631578947,0.8235294117647058,30,0,1,0,3,0,1,700,605,Moderate
247,5,5 - Minimum Disclosure,80,9,29,TRUE,2,11.195633333333333,1,24,80.55555555555556,2.6796161598718546,2.143692927897484,0.535923231974371,2.138888888888889,2.310344827586207,1.4285714285714286,0,11,4,2,0.25848765432098764,0.7499999999999999,0.8823529411764706,0.875,0.7368421052631579,0.8108108108108106,24,1,1,0,35,0,0,0,1212,Masked
281,5,5 - Minimum Disclosure,60,6,24,TRUE,2,11.885233333333334,0,18,66.66666666666667,2.5241406002406346,1.5144843601443807,1.0096562400962539,1.9444444444444444,2.2083333333333335,1.4166666666666667,1,10,8,5,0.22222222222222224,0.6190476190476191,0.7647058823529411,0.7333333333333333,0.5789473684210527,0.6842105263157895,19,1,0,1,237,1,0,0,1231,Masked
1001,3,3 - Selective Disclosure,90,4,33,TRUE,1,10.282233333333334,0,27,91.66666666666667,2.91765407644902,2.625888668804118,0.29176540764490205,2.3055555555555554,2.3636363636363638,1.6666666666666667,1,19,2,7,0.2770061728395062,0.9375,0.8823529411764706,0.8999999999999999,0.9473684210526315,0.9090909090909091,22,0,1,1,269,1,0,668,607,Moderate
26,5,5 - Minimum Disclosure,70,6,27,TRUE,2,13.68665,0,21,75,2.1919169409607173,1.534341858672502,0.6575750822882152,2.3055555555555554,2.4444444444444446,1.8888888888888888,0,13,1,1,0.23842592592592593,0.6818181818181817,0.8823529411764706,0.8571428571428571,0.631578947368421,0.7692307692307692,27,0,1,0,17,0,1,0,1231,Masked
231,3,3 - Selective Disclosure,86.66666666666667,1,32,TRUE,1,12.39345,0,26,88.88888888888889,2.420633479781659,2.0978823491441045,0.3227511306375545,2.9166666666666665,2.9375,2.75,3,30,0,0,0.2800925925925926,0.8421052631578947,0.9411764705882353,0.9411764705882353,0.8421052631578947,0.8888888888888888,24,1,1,1,293,1,0,679,609,Moderate
58,5,5 - Minimum Disclosure,60,8,23,TRUE,2,10.978983333333334,1,18,63.888888888888886,2.7324934458108596,1.6394960674865158,1.0929973783243438,2.6666666666666665,2.9565217391304346,2.1538461538461537,5,22,3,0,0.2638888888888889,0.5833333333333331,0.8235294117647058,0.7499999999999999,0.47368421052631576,0.6829268292682925,20,0,0,0,50,1,0,0,1253,Masked
61,3,3 - Selective Disclosure,83.33333333333333,4,31,TRUE,1,17.4009,0,25,86.11111111111111,1.7240487560988225,1.4367072967490186,0.28734145934980376,2.5,2.6451612903225805,1.6,0,22,2,2,0.24228395061728394,0.7999999999999999,0.9411764705882353,0.9375,0.7894736842105263,0.8648648648648647,25,1,1,0,13,1,1,668,607,Moderate
284,5,5 - Minimum Disclosure,73.33333333333333,5,28,TRUE,2,8.764783333333334,0,22,77.77777777777777,3.4227885458282863,2.5100449336074098,0.9127436122208763,2.2222222222222223,2.2857142857142856,2,0,8,0,0,0.2191358024691358,0.7142857142857143,0.8823529411764706,0.8666666666666666,0.6842105263157895,0.7894736842105262,21,0,0,1,252,1,0,0,1243,Masked
96,3,3 - Selective Disclosure,90,5,33,TRUE,1,10.9709,0,27,91.66666666666667,2.7345067405591155,2.461056066503204,0.27345067405591156,2.4722222222222223,2.5454545454545454,1.6666666666666667,1,22,2,4,0.25848765432098764,0.8888888888888888,0.9411764705882353,0.9444444444444444,0.8947368421052632,0.9142857142857143,29,1,1,0,30,0,0,691,609,Moderate
41,3,3 - Selective Disclosure,73.33333333333333,1,27,TRUE,1,7.149266666666667,1,22,75,4.196234578837923,3.07723869114781,1.1189958876901127,2.9444444444444446,2.925925925925926,3,9,25,0,0,0.2854938271604938,0.6818181818181817,0.8823529411764706,0.8571428571428571,0.631578947368421,0.7692307692307692,25,1,1,0,19,0,1,679,609,Moderate
143,2,2 - Full Disclosure with intervention,93.33333333333333,7,34,FALSE,5,14.13245,0,28,94.44444444444444,2.1227741828203883,1.9812559039656958,0.14151827885469256,2.6944444444444446,2.764705882352941,1.5,0,26,1,0,0.29398148148148145,0.9411764705882353,0.9411764705882353,0.9473684210526315,0.9473684210526315,0.9411764705882353,19,1,0,0,71,0,0,2202,0,Full
146,4,4 - Partial Disclosure,86.66666666666667,7,32,FALSE,4,8.320316666666667,0,26,88.88888888888889,3.6056319971795943,3.1248810642223153,0.4807509329572793,1.8611111111111112,1.96875,1,0,8,4,9,0.2337962962962963,0.8095238095238096,1,1,0.7894736842105263,0.8947368421052632,20,1,0,1,240,1,0,166,1107,Low
62,5,5 - Minimum Disclosure,76.66666666666667,3,29,FALSE,5,11.982633333333334,0,23,80.55555555555556,2.5036232992747838,1.9194445294440008,0.5841787698307829,2.138888888888889,2.206896551724138,1.8571428571428572,0,11,1,5,0.23070987654320987,0.7272727272727273,0.9411764705882353,0.9285714285714285,0.6842105263157895,0.8205128205128205,27,1,1,0,36,1,0,0,1251,Masked
261,1,1 - Full Disclosure with no intervention,83.33333333333333,10,31,TRUE,3,9.702633333333333,0,25,86.11111111111111,3.09194411139244,2.5766200928270333,0.5153240185654067,2.8333333333333335,2.903225806451613,2.4,3,28,1,0,0.2932098765432099,0.9285714285714285,0.7647058823529411,0.8181818181818181,0.9473684210526315,0.8387096774193549,31,1,1,0,36,0,0,2221,0,Baseline
24,1,1 - Full Disclosure with no intervention,93.33333333333333,4,34,TRUE,3,10.268083333333333,0,28,94.44444444444444,2.9216747689036415,2.726896450976732,0.19477831792690944,2.4166666666666665,2.5,1,0,20,2,3,0.25540123456790126,0.9411764705882353,0.9411764705882353,0.9473684210526315,0.9473684210526315,0.9411764705882353,20,1,0,1,240,1,0,2221,0,Baseline
173,1,1 - Full Disclosure with no intervention,96.66666666666667,3,35,TRUE,3,11.690416666666666,0,29,97.22222222222223,2.5662045122429342,2.4806643618348363,0.0855401504080978,2.7222222222222223,2.742857142857143,2,0,29,0,3,0.2654320987654321,0.9444444444444444,1,1,0.9473684210526315,0.9714285714285714,20,1,0,1,244,1,0,2273,0,Baseline
97,1,1 - Full Disclosure with no intervention,90,3,33,TRUE,3,9.123966666666666,0,27,91.66666666666667,3.2880435775375476,2.959239219783793,0.3288043577537548,2.75,2.8484848484848486,1.6666666666666667,0,29,1,1,0.2785493827160494,0.8888888888888888,0.9411764705882353,0.9444444444444444,0.8947368421052632,0.9142857142857143,24,1,1,0,24,0,1,2273,0,Baseline
126,4,4 - Partial Disclosure,70,8,27,FALSE,4,6.176966666666667,0,21,75,4.856752775094572,3.3997269425662,1.4570258325283714,2.4722222222222223,2.5185185185185186,2.3333333333333335,3,14,0,0,0.25848765432098764,0.7000000000000001,0.8235294117647058,0.8124999999999999,0.6842105263157895,0.7567567567567569,20,1,0,1,144,1,0,173,1139,Low
16,4,4 - Partial Disclosure,76.66666666666667,3,29,FALSE,4,8.416983333333333,0,23,80.55555555555556,3.564222336189332,2.732570457745154,0.8316518784441774,1.9444444444444444,2,1.7142857142857142,0,8,2,8,0.2175925925925926,0.7272727272727273,0.9411764705882353,0.9285714285714285,0.6842105263157895,0.8205128205128205,25,0,1,0,6,0,0,162,1149,Low
17,5,5 - Minimum Disclosure,73.33333333333333,10,28,FALSE,4,9.418133333333333,0,22,77.77777777777777,3.1853445834984995,2.3359193612322326,0.8494252222662665,1.8611111111111112,2.0357142857142856,1.25,0,5,6,4,0.23842592592592593,0.7142857142857143,0.8823529411764706,0.8666666666666666,0.6842105263157895,0.7894736842105262,26,1,1,0,12,0,0,0,1233,Masked
70,1,1 - Full Disclosure with no intervention,90,1,33,TRUE,3,8.524833333333333,0,27,91.66666666666667,3.519130383780719,3.1672173454026473,0.3519130383780719,2.861111111111111,2.909090909090909,2.3333333333333335,1,30,0,0,0.2785493827160494,0.85,1,1,0.8421052631578947,0.9189189189189189,21,0,0,0,35,0,0,2314,0,Baseline
1143,4,4 - Partial Disclosure,80,8,30,FALSE,6,15.841866666666666,0,24,83.33333333333333,1.8937162287272544,1.5149729829818035,0.3787432457454509,2.388888888888889,2.466666666666667,2,1,19,1,5,0.2330246913580247,0.7391304347826088,1,1,0.6842105263157895,0.85,24,1,1,0,23,0,1,173,1139,Low
42,5,5 - Minimum Disclosure,73.33333333333333,3,28,FALSE,4,3.7711333333333332,0,22,77.77777777777777,7.955168207612212,5.833790018915622,2.12137818869659,2.361111111111111,2.4642857142857144,2,3,16,3,3,0.24614197530864199,0.7142857142857143,0.8823529411764706,0.8666666666666666,0.6842105263157895,0.7894736842105262,21,0,0,1,253,1,0,0,1251,Masked
1004,3,3 - Selective Disclosure,83.33333333333333,8,31,TRUE,1,13.2789,0,25,86.11111111111111,2.259223279036667,1.8826860658638893,0.3765372131727779,2.0833333333333335,2.193548387096774,1.4,0,10,3,4,0.23996913580246915,0.7999999999999999,0.9411764705882353,0.9375,0.7894736842105263,0.8648648648648647,22,1,0,0,36,0,0,700,605,Moderate
271,1,1 - Full Disclosure with no intervention,90,10,33,TRUE,3,10.745916666666666,0,27,91.66666666666667,2.7917581096695647,2.512582298702608,0.27917581096695643,2.5277777777777777,2.515151515151515,2.6666666666666665,2,19,0,2,0.27237654320987653,0.9375,0.8823529411764706,0.8999999999999999,0.9473684210526315,0.9090909090909091,20,1,0,0,6,0,0,2221,0,Baseline
39,4,4 - Partial Disclosure,80,5,30,FALSE,4,21.973766666666666,0,24,83.33333333333333,1.365264337930229,1.0922114703441832,0.2730528675860458,2.0555555555555554,2.1333333333333333,1.6666666666666667,0,8,2,4,0.22376543209876543,0.7619047619047619,0.9411764705882353,0.9333333333333333,0.7368421052631579,0.8421052631578947,26,1,1,0,19,1,1,172,1130,Low
505,4,4 - Partial Disclosure,76.66666666666667,9,28,FALSE,6,3.7073,1,23,77.77777777777777,8.092142529603755,6.203975939362879,1.8881665902408762,1.3888888888888888,1.5,1,0,5,8,19,0.21913580246913583,0.7368421052631577,0.8235294117647058,0.8235294117647058,0.7368421052631579,0.7777777777777778,24,1,1,0,2,1,1,164,1111,Low
157,4,4 - Partial Disclosure,63.333333333333336,4,25,FALSE,6,14.222666666666667,0,19,69.44444444444444,2.109309084091122,1.3358957532577107,0.7734133308334115,2.5277777777777777,2.84,1.8181818181818181,2,21,4,0,0.2662037037037037,0.625,0.8823529411764706,0.8333333333333333,0.5263157894736842,0.7317073170731708,25,1,1,0,2,0,1,180,1096,Low
232,3,3 - Selective Disclosure,86.66666666666667,9,32,FALSE,4,8.83365,0,26,88.88888888888889,3.396104667945866,2.9432907122197505,0.45281395572611544,2.8055555555555554,2.8125,2.75,3,28,0,2,0.2800925925925926,0.8421052631578947,0.9411764705882353,0.9411764705882353,0.8421052631578947,0.8888888888888888,24,0,1,0,12,0,1,681,593,Moderate
1020,4,4 - Partial Disclosure,76.66666666666667,3,29,FALSE,4,5.12105,0,23,80.55555555555556,5.858173616738754,4.491266439499712,1.3669071772390426,2.6944444444444446,2.7241379310344827,2.5714285714285716,4,23,0,2,0.2492283950617284,0.7083333333333333,1,1,0.631578947368421,0.8292682926829268,26,1,1,0,36,0,1,162,1149,Low
200,3,3 - Selective Disclosure,80,6,30,TRUE,1,8.57395,0,24,83.33333333333333,3.498970719446696,2.799176575557357,0.6997941438893392,2.0555555555555554,2.2,1.3333333333333333,0,11,4,5,0.23765432098765432,0.7894736842105264,0.8823529411764706,0.8823529411764706,0.7894736842105263,0.8333333333333333,23,1,0,1,279,1,0,679,611,Moderate
131,3,3 - Selective Disclosure,86.66666666666667,8,32,TRUE,1,4.351016666666666,0,26,88.88888888888889,6.894940263003666,5.9756148946031775,0.9193253684004888,2.111111111111111,2.09375,2.25,1,13,0,10,0.23148148148148148,0.8421052631578947,0.9411764705882353,0.9411764705882353,0.8421052631578947,0.8888888888888888,21,1,0,1,196,0,0,700,605,Moderate
278,3,3 - Selective Disclosure,90,7,33,TRUE,1,10.1225,0,27,91.66666666666667,2.9636947394418374,2.6673252654976536,0.2963694739441837,2.9722222222222223,2.9696969696969697,3,3,32,0,0,0.2816358024691358,1,0.8235294117647058,0.8636363636363635,1,0.9032258064516129,23,1,1,0,12,0,1,679,589,Moderate
35,3,3 - Selective Disclosure,76.66666666666667,4,29,TRUE,1,8.932366666666667,0,23,80.55555555555556,3.3585723828324707,2.574905493504894,0.7836668893275764,2.1666666666666665,2.310344827586207,1.5714285714285714,0,15,3,6,0.23148148148148148,0.7499999999999999,0.8823529411764706,0.875,0.7368421052631579,0.8108108108108106,23,1,1,0,60,0,0,668,607,Moderate
228,2,2 - Full Disclosure with intervention,93.33333333333333,2,34,FALSE,5,10.245366666666667,0,28,94.44444444444444,2.9281528886228245,2.7329426960479695,0.19521019257485497,2.3333333333333335,2.3823529411764706,1.5,0,16,1,3,0.25617283950617287,0.9411764705882353,0.9411764705882353,0.9473684210526315,0.9473684210526315,0.9411764705882353,24,1,1,0,21,0,1,2253,0,Full
